AC_NO,AC_NAME,Candidate,Party,Votes,Margin,Status,Total_Votes_Polled,DISTRICT,GENERAL_SC,Total_Votes_Per_District,Margin_Bucket,<500,0.5-2K,2_10K,10_25K,25_50K,50K_plus,Multi_Cornered_Count
1,Valmiki Nagar,SURENDRA PRASAD,Indian National Congress,107730,1675,won,233632,PASCHIM  CHAMPARAN,GENERAL,1893875.0,0.5-2K,0,1,0,0,0,0,2
2,Ramnagar,NAND KISHOR RAM,Bharatiya Janata Party,115214,35680,won,212859,PASCHIM  CHAMPARAN,SC,1893875.0,25-50K,0,0,0,0,1,0,2
3,Narkatiaganj,SANJAY KUMAR PANDEY,Bharatiya Janata Party,100044,26458,won,196691,PASCHIM  CHAMPARAN,GENERAL,1893875.0,25-50K,0,0,0,0,1,0,2
4,Bagaha,RAM SINGH,Bharatiya Janata Party,106875,6313,won,225532,PASCHIM  CHAMPARAN,GENERAL,1893875.0,2-10K,0,0,1,0,0,0,2
5,Lauriya,VINAY BIHARI,Bharatiya Janata Party,96510,26966,won,191647,PASCHIM  CHAMPARAN,GENERAL,1893875.0,25-50K,0,0,0,0,1,0,2
6,Nautan,NARAYAN PRASAD,Bharatiya Janata Party,101952,22072,won,207833,PASCHIM  CHAMPARAN,GENERAL,1893875.0,10-25K,0,0,0,1,0,0,2
7,Chanpatia,ABHISHEK RANJAN,Indian National Congress,87538,602,won,218455,PASCHIM  CHAMPARAN,GENERAL,1893875.0,0.5-2K,0,1,0,0,0,0,3
8,Bettiah,RENU DEVI,Bharatiya Janata Party,91907,22373,won,196464,PASCHIM  CHAMPARAN,GENERAL,1893875.0,10-25K,0,0,0,1,0,0,3
9,Sikta,SAMMRIDH VARMA,Janata Dal (United),97173,47144,won,210762,PASCHIM  CHAMPARAN,GENERAL,1893875.0,25-50K,0,0,0,0,1,0,3
10,Raxaul,PRAMOD KUMAR SINHA,Bharatiya Janata Party,106765,17878,won,215448,PURVI  CHAMPARAN,GENERAL,2474209.0,10-25K,0,0,0,1,0,0,2
11,Sugauli,RAJESH KUMAR ALIAS BABLU GUPTA,Lok Janshakti Party (Ram Vilas),98875,58191,won,198790,PURVI  CHAMPARAN,GENERAL,2474209.0,>50K,0,0,0,0,0,1,4
12,Narkatia,VISHAL KUMAR,Janata Dal (United),104450,1443,won,223643,PURVI  CHAMPARAN,GENERAL,2474209.0,0.5-2K,0,1,0,0,0,0,2
13,Harsidhi,KRISHNANANDAN PASWAN,Bharatiya Janata Party,96864,7095,won,202899,PURVI  CHAMPARAN,SC,2474209.0,2-10K,0,0,1,0,0,0,2
14,Govindganj,RAJU TIWARI,Lok Janshakti Party (Ram Vilas),96034,32683,won,182741,PURVI  CHAMPARAN,GENERAL,2474209.0,25-50K,0,0,0,0,1,0,2
15,Kesaria,SHALINI MISHRA,Janata Dal (United),78192,16340,won,176683,PURVI  CHAMPARAN,GENERAL,2474209.0,10-25K,0,0,0,1,0,0,2
16,Kalyanpur,SACHINDRA PRASAD SINGH,Bharatiya Janata Party,89057,15568,won,186215,PURVI  CHAMPARAN,GENERAL,2474209.0,10-25K,0,0,0,1,0,0,2
17,Pipra,SHYAM BABU PRASAD YADAV,Bharatiya Janata Party,110422,10745,won,244657,PURVI  CHAMPARAN,GENERAL,2474209.0,10-25K,0,0,0,1,0,0,2
18,Madhuban,RANA RANDHIR,Bharatiya Janata Party,86002,5492,won,183824,PURVI  CHAMPARAN,GENERAL,2474209.0,2-10K,0,0,1,0,0,0,2
19,Motihari,PRAMOD KUMAR,Bharatiya Janata Party,106080,13563,won,214311,PURVI  CHAMPARAN,GENERAL,2474209.0,10-25K,0,0,0,1,0,0,2
20,Chiraia,LAL BABU PRASAD GUPTA,Bharatiya Janata Party,90572,39360,won,198418,PURVI  CHAMPARAN,GENERAL,2474209.0,25-50K,0,0,0,0,1,0,3
21,Dhaka,FAISAL RAHMAN,Rashtriya Janata Dal,112727,178,won,246580,PURVI  CHAMPARAN,GENERAL,2474209.0,<500,1,0,0,0,0,0,2
22,Sheohar,SHWETA GUPTA,Janata Dal (United),97269,31398,won,210111,SHEOHAR,GENERAL,210111.0,25-50K,0,0,0,0,1,0,2
23,Riga,BAIDYANATH PRASAD,Bharatiya Janata Party,117393,33125,won,216942,SITAMARHI,GENERAL,1663429.0,25-50K,0,0,0,0,1,0,2
24,Bathnaha,ANIL KUMAR,Bharatiya Janata Party,123698,51769,won,215256,SITAMARHI,SC,1663429.0,>50K,0,0,0,0,0,1,2
25,Parihar,GAYETRI DEVI,Bharatiya Janata Party,82644,17189,won,209977,SITAMARHI,GENERAL,1663429.0,10-25K,0,0,0,1,0,0,3
26,Sursand,PROF. NAGENDRA RAUT,Janata Dal (United),104157,23667,won,208144,SITAMARHI,GENERAL,1663429.0,10-25K,0,0,0,1,0,0,2
27,Bajpatti,RAMESHWAR KUMAR MEHTO,Rashtriya Lok Morcha,99144,3395,won,220241,SITAMARHI,GENERAL,1663429.0,2-10K,0,0,1,0,0,0,2
28,Sitamarhi,SUNIL KUMAR PINTU,Bharatiya Janata Party,104226,5562,won,216653,SITAMARHI,GENERAL,1663429.0,2-10K,0,0,1,0,0,0,2
29,Runnisaidpur,PANKAJ KUMAR,Janata Dal (United),93672,19737,won,193144,SITAMARHI,GENERAL,1663429.0,10-25K,0,0,0,1,0,0,2
30,Belsand,AMIT KUMAR,Lok Janshakti Party (Ram Vilas),82076,22685,won,183072,SITAMARHI,GENERAL,1663429.0,10-25K,0,0,0,1,0,0,3
31,Harlakhi,SUDHANSHU SHEKHAR,Janata Dal (United),85486,36236,won,183437,MADHUBANI,GENERAL,2008343.0,25-50K,0,0,0,0,1,0,3
32,Benipatti,VINOD NARAYAN JHA,Bharatiya Janata Party,87153,23932,won,175220,MADHUBANI,GENERAL,2008343.0,10-25K,0,0,0,1,0,0,2
33,Khajauli,ARUN SHANKAR PRASAD,Bharatiya Janata Party,101151,13126,won,204944,MADHUBANI,GENERAL,2008343.0,10-25K,0,0,0,1,0,0,2
34,Babubarhi,MINA KUMARI,Janata Dal (United),98221,17568,won,206322,MADHUBANI,GENERAL,2008343.0,10-25K,0,0,0,1,0,0,2
35,Bisfi,ASIF AHMAD,Rashtriya Janata Dal,100771,8107,won,207250,MADHUBANI,GENERAL,2008343.0,2-10K,0,0,1,0,0,0,2
36,Madhubani,MADHAW ANAND,Rashtriya Lok Morcha,97956,20552,won,211208,MADHUBANI,GENERAL,2008343.0,10-25K,0,0,0,1,0,0,2
37,Rajnagar,SUJEET KUMAR,Bharatiya Janata Party,108362,42185,won,190800,MADHUBANI,SC,2008343.0,25-50K,0,0,0,0,1,0,2
38,Jhanjharpur,NITISH MISHRA,Bharatiya Janata Party,107958,54849,won,193156,MADHUBANI,GENERAL,2008343.0,>50K,0,0,0,0,0,1,2
39,Phulparas,SHEELA KUMARI,Janata Dal (United),93677,14099,won,205223,MADHUBANI,GENERAL,2008343.0,10-25K,0,0,0,1,0,0,2
40,Laukaha,SATISH KUMAR SAH,Janata Dal (United),111761,25511,won,230783,MADHUBANI,GENERAL,2008343.0,25-50K,0,0,0,0,1,0,2
41,Nirmali,ANIRUDDHA PRASAD YADAV,Janata Dal (United),118904,37310,won,223169,SUPAUL,GENERAL,1126089.0,25-50K,0,0,0,0,1,0,2
42,Pipra,RAMBILASH KAMAT,Janata Dal (United),107041,37776,won,223019,SUPAUL,GENERAL,1126089.0,25-50K,0,0,0,0,1,0,2
43,Supaul,BIJENDRA PRASAD YADAV,Janata Dal (United),109085,30803,won,209147,SUPAUL,GENERAL,1126089.0,25-50K,0,0,0,0,1,0,2
44,Triveniganj,SONAM RANI,Janata Dal (United),105262,5683,won,221695,SUPAUL,SC,1126089.0,2-10K,0,0,1,0,0,0,2
45,Chhatapur,NIRAJ KUMAR SINGH,Bharatiya Janata Party,122491,16178,won,249059,SUPAUL,GENERAL,1126089.0,10-25K,0,0,0,1,0,0,2
46,Narpatganj,DEVANTI YADAV,Bharatiya Janata Party,120557,25353,won,241647,ARARIA,GENERAL,1403133.0,25-50K,0,0,0,0,1,0,2
47,Raniganj,AVINASH MANGLAM,Rashtriya Janata Dal,111590,8530,won,230348,ARARIA,SC,1403133.0,2-10K,0,0,1,0,0,0,2
48,Forbesganj,MANOJ BISHWAS,Indian National Congress,120114,221,won,251439,ARARIA,GENERAL,1403133.0,<500,1,0,0,0,0,0,2
49,Araria,ABIDUR RAHMAN,Indian National Congress,91529,12741,won,242085,ARARIA,GENERAL,1403133.0,10-25K,0,0,0,1,0,0,3
50,Jokihat,MOHAMMAD MURSHID ALAM,All India Majlis-E-Ittehadul Muslimeen,83737,28803,won,217385,ARARIA,GENERAL,1403133.0,25-50K,0,0,0,0,1,0,4
51,Sikti,VIJAY KUMAR MANDAL,Bharatiya Janata Party,111342,19322,won,220229,ARARIA,GENERAL,1403133.0,10-25K,0,0,0,1,0,0,2
52,Bahadurganj,MD TAUSEEF ALAM,All India Majlis-E-Ittehadul Muslimeen,87315,28726,won,217155,KISHANGANJ,GENERAL,883089.0,25-50K,0,0,0,0,1,0,3
53,Thakurganj,GOPAL KUMAR AGARWAL,Janata Dal (United),85243,8822,won,245567,KISHANGANJ,GENERAL,883089.0,2-10K,0,0,1,0,0,0,3
54,Kishanganj,MD. QAMRUL HODA,Indian National Congress,89669,12794,won,227042,KISHANGANJ,GENERAL,883089.0,10-25K,0,0,0,1,0,0,3
55,Kochadhaman,MD. SARWAR ALAM,All India Majlis-E-Ittehadul Muslimeen,81860,23021,won,193325,KISHANGANJ,GENERAL,883089.0,10-25K,0,0,0,1,0,0,3
56,Amour,AKHTARUL IMAN,All India Majlis-E-Ittehadul Muslimeen,100836,38928,won,231808,PURNIA,GENERAL,1606072.0,25-50K,0,0,0,0,1,0,3
57,Baisi,GHULAM SARWAR,All India Majlis-E-Ittehadul Muslimeen,92766,27251,won,224244,PURNIA,GENERAL,1606072.0,25-50K,0,0,0,0,1,0,3
58,Kasba,NITESH KUMAR SINGH,Lok Janshakti Party (Ram Vilas),86877,12875,won,236009,PURNIA,GENERAL,1606072.0,10-25K,0,0,0,1,0,0,3
59,Banmankhi,KRISHNA KUMAR RISHI,Bharatiya Janata Party,122494,45296,won,213932,PURNIA,SC,1606072.0,25-50K,0,0,0,0,1,0,2
60,Rupauli,KALADHAR PRASAD MANDAL,Janata Dal (United),124826,73572,won,225095,PURNIA,GENERAL,1606072.0,>50K,0,0,0,0,0,1,3
61,Dhamdaha,LESHI SINGH,Janata Dal (United),138750,55159,won,242065,PURNIA,GENERAL,1606072.0,>50K,0,0,0,0,0,1,2
62,Purnia,VIJAY KUMAR KHEMKA,Bharatiya Janata Party,127614,33222,won,232919,PURNIA,GENERAL,1606072.0,25-50K,0,0,0,0,1,0,2
63,Katihar,TARKISHORE PRASAD,Bharatiya Janata Party,100255,22154,won,198448,KATIHAR,GENERAL,1410108.0,10-25K,0,0,0,1,0,0,2
64,Kadwa,DULAL CHANDRA GOSWAMI,Janata Dal (United),99274,18368,won,213155,KATIHAR,GENERAL,1410108.0,10-25K,0,0,0,1,0,0,2
65,Balrampur,SANGITA DEVI,Lok Janshakti Party (Ram Vilas),80459,389,won,277074,KATIHAR,GENERAL,1410108.0,<500,1,0,0,0,0,0,3
66,Pranpur,NISHA SINGH,Bharatiya Janata Party,108565,7752,won,254532,KATIHAR,GENERAL,1410108.0,2-10K,0,0,1,0,0,0,3
67,Manihari,MANOHAR PRASAD SINGH,Indian National Congress,114754,15168,won,238259,,,,10-25K,0,0,0,1,0,0,2
68,Barari,BIJAY SINGH,Janata Dal (United),107842,10984,won,228594,KATIHAR,GENERAL,1410108.0,10-25K,0,0,0,1,0,0,2
69,Korha,KAVITA DEVI,Bharatiya Janata Party,123495,22257,won,238305,KATIHAR,SC,1410108.0,10-25K,0,0,0,1,0,0,2
70,Alamnagar,NARENDRA NARAYAN YADAV,Janata Dal (United),138401,55465,won,256381,MADHEPURA,GENERAL,948891.0,>50K,0,0,0,0,0,1,2
71,Bihariganj,NIRANJAN KUMAR MEHTA,Janata Dal (United),116622,31622,won,223746,MADHEPURA,GENERAL,948891.0,25-50K,0,0,0,0,1,0,2
72,Singheshwar,RAMESH RISHI,Janata Dal (United),106416,2982,won,229174,MADHEPURA,SC,948891.0,2-10K,0,0,1,0,0,0,2
73,Madhepura,CHANDRA SHEKHAR,Rashtriya Janata Dal,108464,7809,won,239590,MADHEPURA,GENERAL,948891.0,2-10K,0,0,1,0,0,0,2
74,Sonbarsha,RATNESH SADA,Janata Dal (United),97833,13454,won,206444,SAHARSA,SC,902898.0,10-25K,0,0,0,1,0,0,2
75,Saharsa,INDRAJEET PRASAD GUPTA,Indian Inclusive Party,115036,2038,won,259763,SAHARSA,GENERAL,902898.0,2-10K,0,0,1,0,0,0,2
76,Simri Bakhtiarpur,SANJAY KUMAR SINGH,Lok Janshakti Party (Ram Vilas),109699,7930,won,233725,SAHARSA,GENERAL,902898.0,2-10K,0,0,1,0,0,0,2
77,Mahishi,GAUTAM KRISHNA,Rashtriya Janata Dal,93752,3740,won,202966,SAHARSA,GENERAL,902898.0,2-10K,0,0,1,0,0,0,2
78,Kusheshwar Asthan,ATIREK KUMAR,Janata Dal (United),85685,36441,won,163976,DARBHANGA,SC,1847817.0,25-50K,0,0,0,0,1,0,2
79,Gaura Bauram,SUJIT KUMAR,Bharatiya Janata Party,77682,5669,won,168223,DARBHANGA,GENERAL,1847817.0,2-10K,0,0,1,0,0,0,2
80,Benipur,BINAY KUMAR CHOUDHARY,Janata Dal (United),84207,13603,won,188366,DARBHANGA,GENERAL,1847817.0,10-25K,0,0,0,1,0,0,2
81,Alinagar,MAITHILI THAKUR,Bharatiya Janata Party,84915,11730,won,173117,DARBHANGA,GENERAL,1847817.0,10-25K,0,0,0,1,0,0,2
82,Darbhanga Rural,RAJESH KUMAR MANDAL,Janata Dal (United),80624,18392,won,183048,DARBHANGA,GENERAL,1847817.0,10-25K,0,0,0,1,0,0,2
83,Darbhanga,SANJAY SARAOGI,Bharatiya Janata Party,97453,24593,won,196236,DARBHANGA,GENERAL,1847817.0,10-25K,0,0,0,1,0,0,2
84,Hayaghat,RAM CHANDRA PRASAD,Bharatiya Janata Party,77222,11839,won,169035,DARBHANGA,GENERAL,1847817.0,10-25K,0,0,0,1,0,0,2
85,Bahadurpur,MADAN SAHNI,Janata Dal (United),96300,12011,won,212863,DARBHANGA,GENERAL,1847817.0,10-25K,0,0,0,1,0,0,2
86,Keoti,MURARI MOHAN JHA,Bharatiya Janata Party,89123,7305,won,192588,DARBHANGA,GENERAL,1847817.0,2-10K,0,0,1,0,0,0,2
87,Jale,JIBESH KUMAR,Bharatiya Janata Party,100496,21862,won,200365,DARBHANGA,GENERAL,1847817.0,10-25K,0,0,0,1,0,0,2
88,Gaighat,KOMAL SINGH,Janata Dal (United),108104,23417,won,223779,MUZAFFARPUR,GENERAL,2163427.0,10-25K,0,0,0,1,0,0,2
89,Aurai,RAMA NISHAD,Bharatiya Janata Party,104085,57206,won,207920,MUZAFFARPUR,GENERAL,2163427.0,>50K,0,0,0,0,0,1,3
90,Minapur,AJAY KUMAR,Janata Dal (United),113411,34238,won,219843,MUZAFFARPUR,GENERAL,2163427.0,25-50K,0,0,0,0,1,0,2
91,Bochahan,BABY KUMARI,Lok Janshakti Party (Ram Vilas),108186,20316,won,218853,,,,10-25K,0,0,0,1,0,0,2
92,Sakra,ADITYA KUMAR,Janata Dal (United),98723,15050,won,206108,MUZAFFARPUR,SC,2163427.0,10-25K,0,0,0,1,0,0,2
93,Kurhani,KEDAR PD GUPTA,Bharatiya Janata Party,107811,9718,won,231884,MUZAFFARPUR,GENERAL,2163427.0,2-10K,0,0,1,0,0,0,2
94,Muzaffarpur,RANJAN KUMAR,Bharatiya Janata Party,100477,32657,won,188071,MUZAFFARPUR,GENERAL,2163427.0,25-50K,0,0,0,0,1,0,2
95,Kanti,AJIT KUMAR,Janata Dal (United),117299,25795,won,232600,MUZAFFARPUR,GENERAL,2163427.0,25-50K,0,0,0,0,1,0,2
96,Baruraj,ARUN KUMAR SINGH,Bharatiya Janata Party,96879,29052,won,205509,MUZAFFARPUR,GENERAL,2163427.0,25-50K,0,0,0,0,1,0,2
97,Paroo,SHANKAR PRASAD,Rashtriya Janata Dal,95272,28827,won,228163,MUZAFFARPUR,GENERAL,2163427.0,25-50K,0,0,0,0,1,0,3
98,Sahebganj,RAJU KUMAR SINGH,Bharatiya Janata Party,106322,13522,won,219550,MUZAFFARPUR,GENERAL,2163427.0,10-25K,0,0,0,1,0,0,2
99,Baikunthpur,MITHILESH TIWARI,Bharatiya Janata Party,104133,16953,won,212287,GOPALGANJ,GENERAL,1216535.0,10-25K,0,0,0,1,0,0,2
100,Barauli,MANJEET KUMAR SINGH,Janata Dal (United),88657,12374,won,194177,GOPALGANJ,GENERAL,1216535.0,10-25K,0,0,0,1,0,0,2
101,Gopalganj,SUBHASH SINGH,Bharatiya Janata Party,96892,28972,won,198872,GOPALGANJ,GENERAL,1216535.0,25-50K,0,0,0,0,1,0,2
102,Kuchaikote,AMRENDRA KUMAR PANDEY,Janata Dal (United),101425,24491,won,202020,GOPALGANJ,GENERAL,1216535.0,10-25K,0,0,0,1,0,0,2
103,Bhorey,SUNIL KUMAR,Janata Dal (United),101469,16163,won,213121,GOPALGANJ,SC,1216535.0,10-25K,0,0,0,1,0,0,2
104,Hathua,RAMSEWAK SINGH,Janata Dal (United),92121,12348,won,196058,GOPALGANJ,GENERAL,1216535.0,10-25K,0,0,0,1,0,0,2
105,Siwan,MANGAL PANDEY,Bharatiya Janata Party,92379,9370,won,190582,SIWAN,GENERAL,1302745.0,2-10K,0,0,1,0,0,0,2
106,Ziradei,BHISM PRATAP SINGH,Janata Dal (United),66227,2626,won,157926,SIWAN,GENERAL,1302745.0,2-10K,0,0,1,0,0,0,2
107,Darauli,VISHNU DEO PASWAN,Lok Janshakti Party (Ram Vilas),83014,9572,won,175213,SIWAN,SC,1302745.0,2-10K,0,0,1,0,0,0,2
108,Raghunathpur,OSAMA SHAHAB,Rashtriya Janata Dal,88278,9248,won,180874,SIWAN,GENERAL,1302745.0,2-10K,0,0,1,0,0,0,2
109,Daraunda,KARNJEET SINGH ALIAS VYAS SINGH,Bharatiya Janata Party,87047,18367,won,185136,,,,10-25K,0,0,0,1,0,0,2
110,Barharia,INDRADEV SINGH,Janata Dal (United),93600,12136,won,196995,SIWAN,GENERAL,1302745.0,10-25K,0,0,0,1,0,0,2
111,Goriakothi,DEVESH KANT SINGH,Bharatiya Janata Party,105909,12385,won,213345,SIWAN,GENERAL,1302745.0,10-25K,0,0,0,1,0,0,2
112,Maharajganj,HEM NARAYAN SAH,Janata Dal (United),86813,21099,won,187810,SIWAN,GENERAL,1302745.0,10-25K,0,0,0,1,0,0,2
113,Ekma,MANORANJAN SINGH,Janata Dal (United),84077,22708,won,171043,SARAN,GENERAL,1865205.0,10-25K,0,0,0,1,0,0,2
114,Manjhi,RANDHIR KUMAR SINGH,Janata Dal (United),68455,9787,won,177676,SARAN,GENERAL,1865205.0,2-10K,0,0,1,0,0,0,3
115,Baniapur,KEDAR NATH SINGH,Bharatiya Janata Party,95606,15436,won,200418,SARAN,GENERAL,1865205.0,10-25K,0,0,0,1,0,0,2
116,Taraiya,JANAK SINGH,Bharatiya Janata Party,85564,1329,won,193538,SARAN,GENERAL,1865205.0,0.5-2K,0,1,0,0,0,0,2
117,Marhaura,JITENDRA KUMAR RAI,Rashtriya Janata Dal,86118,27928,won,179508,SARAN,GENERAL,1865205.0,25-50K,0,0,0,0,1,0,2
118,Chapra,CHHOTI KUMARI,Bharatiya Janata Party,86845,7600,won,189389,SARAN,GENERAL,1865205.0,2-10K,0,0,1,0,0,0,2
119,Garkha,SURENDRA RAM,Rashtriya Janata Dal,91134,12804,won,203497,SARAN,SC,1865205.0,10-25K,0,0,0,1,0,0,2
120,Amnour,KRISHAN KUMAR MANTOO,Bharatiya Janata Party,75525,3808,won,169661,SARAN,GENERAL,1865205.0,2-10K,0,0,1,0,0,0,2
121,Parsa,KARISHMA,Rashtriya Janata Dal,89093,25772,won,181235,SARAN,GENERAL,1865205.0,25-50K,0,0,0,0,1,0,2
122,Sonepur,VINAY KUMAR SINGH,Bharatiya Janata Party,90842,4767,won,199240,SARAN,GENERAL,1865205.0,2-10K,0,0,1,0,0,0,2
123,Hajipur,AWADHESH SINGH,Bharatiya Janata Party,113221,18509,won,225242,VAISHALI,GENERAL,1748252.0,10-25K,0,0,0,1,0,0,2
124,Lalganj,SANJAY KUMAR SINGH,Bharatiya Janata Party,127650,32167,won,240205,VAISHALI,GENERAL,1748252.0,25-50K,0,0,0,0,1,0,2
125,Vaishali,SIDDHARTH PATEL,Janata Dal (United),108377,32590,won,237684,VAISHALI,GENERAL,1748252.0,25-50K,0,0,0,0,1,0,2
126,Mahua,SANJAY KUMAR SINGH,Lok Janshakti Party (Ram Vilas),87641,44997,won,211328,VAISHALI,GENERAL,1748252.0,25-50K,0,0,0,0,1,0,3
127,Raja Pakar,MAHENDRA RAM,Janata Dal (United),96258,48189,won,184018,VAISHALI,SC,1748252.0,25-50K,0,0,0,0,1,0,2
128,Raghopur,TEJASHWI PRASAD YADAV,Rashtriya Janata Dal,118597,14532,won,238448,VAISHALI,GENERAL,1748252.0,10-25K,0,0,0,1,0,0,2
129,Mahnar,UMESH SINGH KUSHWAHA,Janata Dal (United),98050,38558,won,201787,VAISHALI,GENERAL,1748252.0,25-50K,0,0,0,0,1,0,2
130,Patepur,LAKHENDRA KUMAR RAUSHAN,Bharatiya Janata Party,108356,22380,won,209540,VAISHALI,SC,1748252.0,10-25K,0,0,0,1,0,0,2
131,Kalyanpur,MAHESHWAR HAZARI,Janata Dal (United),118162,38586,won,239675,SAMASTIPUR,SC,2115647.0,25-50K,0,0,0,0,1,0,2
132,Warisnagar,MANJARIK MRINAL,Janata Dal (United),108968,34436,won,234783,SAMASTIPUR,GENERAL,2115647.0,25-50K,0,0,0,0,1,0,2
133,Samastipur,ASHWAMEDH DEVI,Janata Dal (United),95728,13875,won,198865,SAMASTIPUR,GENERAL,2115647.0,10-25K,0,0,0,1,0,0,2
134,Ujiarpur,ALOK KUMAR MEHTA,Rashtriya Janata Dal,102707,16283,won,229995,SAMASTIPUR,GENERAL,2115647.0,10-25K,0,0,0,1,0,0,2
135,Morwa,RANVIJAY SAHU,Rashtriya Janata Dal,77770,8671,won,196721,SAMASTIPUR,GENERAL,2115647.0,2-10K,0,0,1,0,0,0,3
136,Sarairanjan,VIJAY KUMAR CHOUDHARY,Janata Dal (United),102792,20798,won,208189,SAMASTIPUR,GENERAL,2115647.0,10-25K,0,0,0,1,0,0,2
137,Mohiuddinnagar,RAJESH KUMAR SINGH,Bharatiya Janata Party,89208,11682,won,183240,SAMASTIPUR,GENERAL,2115647.0,10-25K,0,0,0,1,0,0,2
138,Bibhutipur,AJAY KUMAR,Communist Party of India (Marxist),79246,10281,won,196318,SAMASTIPUR,GENERAL,2115647.0,10-25K,0,0,0,1,0,0,2
139,Rosera,BIRENDRA KUMAR,Bharatiya Janata Party,122773,50533,won,223149,SAMASTIPUR,SC,2115647.0,>50K,0,0,0,0,0,1,2
140,Hasanpur,RAJ KUMAR RAY,Janata Dal (United),90961,7914,won,204712,SAMASTIPUR,GENERAL,2115647.0,2-10K,0,0,1,0,0,0,2
141,Cheria - Bariarpur,ABHISHEK ANAND,Janata Dal (United),75081,4119,won,191316,,,,2-10K,0,0,1,0,0,0,3
142,Bachhwara,SURENDRA MEHTA,Bharatiya Janata Party,100343,15841,won,222847,BEGUSARAI,GENERAL,1307396.0,10-25K,0,0,0,1,0,0,2
143,Teghra,RAJNISH KUMAR,Bharatiya Janata Party,112770,35364,won,212629,BEGUSARAI,GENERAL,1307396.0,25-50K,0,0,0,0,1,0,2
144,Matihani,NARENDRA KUMAR SINGH ALIAS BOGO SINGH,Rashtriya Janata Dal,117789,5290,won,247152,BEGUSARAI,GENERAL,1307396.0,2-10K,0,0,1,0,0,0,2
145,Sahebpur Kamal,SATTANAND SAMBUDDHA ALIAS LALAN JEE,Rashtriya Janata Dal,76798,15721,won,189684,BEGUSARAI,GENERAL,1307396.0,10-25K,0,0,0,1,0,0,3
146,Begusarai,KUNDAN KUMAR,Bharatiya Janata Party,119506,30632,won,228447,BEGUSARAI,GENERAL,1307396.0,25-50K,0,0,0,0,1,0,2
147,Bakhri,SANJAY KUMAR,Lok Janshakti Party (Ram Vilas),98511,17318,won,206637,BEGUSARAI,SC,1307396.0,10-25K,0,0,0,1,0,0,2
148,Alauli,RAM CHANDRA SADA,Janata Dal (United),93208,35732,won,179447,KHAGARIA,SC,795155.0,25-50K,0,0,0,0,1,0,2
149,Khagaria,BABLU KUMAR,Janata Dal (United),93988,23415,won,183237,KHAGARIA,GENERAL,795155.0,10-25K,0,0,0,1,0,0,2
150,Beldaur,PANNA LAL SINGH PATEL,Janata Dal (United),106262,35175,won,217416,KHAGARIA,GENERAL,795155.0,25-50K,0,0,0,0,1,0,2
151,Parbatta,BABULAL SHORYA,Lok Janshakti Party (Ram Vilas),118677,34039,won,215055,KHAGARIA,GENERAL,795155.0,25-50K,0,0,0,0,1,0,2
152,Bihpur,KUMAR SHAILENDRA,Bharatiya Janata Party,91458,30025,won,174555,BHAGALPUR,GENERAL,1513889.0,25-50K,0,0,0,0,1,0,2
153,Gopalpur,SHAILESH KUMAR ALIAS BULO MANDAL,Janata Dal (United),108630,58135,won,191402,BHAGALPUR,GENERAL,1513889.0,>50K,0,0,0,0,0,1,2
154,Pirpainti,MURARI PASAVAN,Bharatiya Janata Party,140608,53107,won,247489,BHAGALPUR,SC,1513889.0,>50K,0,0,0,0,0,1,2
155,Kahalgaon,SHUBHANAND MUKESH,Janata Dal (United),130767,50112,won,251983,BHAGALPUR,GENERAL,1513889.0,>50K,0,0,0,0,0,1,2
156,Bhagalpur,ROHIT PANDEY,Bharatiya Janata Party,100770,13474,won,197146,BHAGALPUR,GENERAL,1513889.0,10-25K,0,0,0,1,0,0,2
157,Sultanganj,LALIT NARAYAN MANDAL,Janata Dal (United),108712,31136,won,209814,BHAGALPUR,GENERAL,1513889.0,25-50K,0,0,0,0,1,0,2
158,Nathnagar,MITHUN KUMAR,Lok Janshakti Party (Ram Vilas),118143,25424,won,241500,BHAGALPUR,GENERAL,1513889.0,25-50K,0,0,0,0,1,0,2
159,Amarpur,JAYANT RAJ,Janata Dal (United),103944,33221,won,194247,BANKA,GENERAL,614830.0,25-50K,0,0,0,0,1,0,2
160,Dhoraiya,MANISH KUMAR,Janata Dal (United),113011,22426,won,220693,,,,10-25K,0,0,0,1,0,0,2
161,Banka,RAM NARAYAN MANDAL,Bharatiya Janata Party,95588,23764,won,192811,BANKA,GENERAL,614830.0,10-25K,0,0,0,1,0,0,2
162,Katoria,PURAN LAL TUDU,Bharatiya Janata Party,94260,10986,won,196105,,,,10-25K,0,0,0,1,0,0,2
163,Belhar,MANOJ YADAV,Janata Dal (United),115393,37206,won,227772,BANKA,GENERAL,614830.0,25-50K,0,0,0,0,1,0,2
164,Tarapur,SAMRAT CHOUDHARY,Bharatiya Janata Party,122480,45843,won,215758,MUNGER,GENERAL,628487.0,25-50K,0,0,0,0,1,0,2
165,Munger,KUMAR PRANAY,Bharatiya Janata Party,108028,18750,won,211307,MUNGER,GENERAL,628487.0,10-25K,0,0,0,1,0,0,2
166,Jamalpur,NACHIKETA,Janata Dal (United),96683,36228,won,201422,MUNGER,GENERAL,628487.0,25-50K,0,0,0,0,1,0,2
167,Suryagarha,RAMANAND MANDAL,Janata Dal (United),101968,23861,won,238507,LAKHISARAI,GENERAL,487327.0,10-25K,0,0,0,1,0,0,3
168,Lakhisarai,VIJAY KUMAR SINHA,Bharatiya Janata Party,122408,24940,won,248820,LAKHISARAI,GENERAL,487327.0,10-25K,0,0,0,1,0,0,2
169,Sheikhpura,RANDHIR KUMAR SONI,Janata Dal (United),82922,22547,won,163341,SHEIKHPURA,GENERAL,307755.0,10-25K,0,0,0,1,0,0,2
170,Barbigha,DR. KUMAR PUSPANJAY,Janata Dal (United),61882,25493,won,144414,SHEIKHPURA,GENERAL,307755.0,25-50K,0,0,0,0,1,0,3
171,Asthawan,JITENDRA KUMAR,Janata Dal (United),90542,40708,won,173699,NALANDA,GENERAL,1347681.0,25-50K,0,0,0,0,1,0,2
172,Biharsharif,DR. SUNIL KUMAR,Bharatiya Janata Party,109304,29168,won,215019,NALANDA,GENERAL,1347681.0,25-50K,0,0,0,0,1,0,2
173,Rajgir,KAUSHAL KISHORE,Janata Dal (United),107811,55428,won,186290,NALANDA,SC,1347681.0,>50K,0,0,0,0,0,1,2
174,Islampur,RUHAIL RANJAN,Janata Dal (United),100487,32239,won,187664,NALANDA,GENERAL,1347681.0,25-50K,0,0,0,0,1,0,2
175,Hilsa,KRISHNA MURARI SHARAN,Janata Dal (United),96009,16012,won,193058,NALANDA,GENERAL,1347681.0,10-25K,0,0,0,1,0,0,2
176,Nalanda,SHRAWON KUMAR,Janata Dal (United),105432,33008,won,199789,NALANDA,GENERAL,1347681.0,25-50K,0,0,0,0,1,0,2
177,Harnaut,HARI NARAYAN SINGH,Janata Dal (United),106954,48335,won,192162,NALANDA,GENERAL,1347681.0,25-50K,0,0,0,0,1,0,2
178,Mokama,ANANT KUMAR SINGH,Janata Dal (United),91416,28206,won,184921,PATNA,GENERAL,2857201.0,25-50K,0,0,0,0,1,0,3
179,Barh,SIYARAM SINGH,Bharatiya Janata Party,99446,24813,won,189390,PATNA,GENERAL,2857201.0,10-25K,0,0,0,1,0,0,2
180,Bakhtiarpur,ARUN KUMAR S/O SATRUGHAN SAO,Lok Janshakti Party (Ram Vilas),88520,981,won,196100,PATNA,GENERAL,2857201.0,0.5-2K,0,1,0,0,0,0,2
181,Digha,SANJIV CHAURASIA,Bharatiya Janata Party,111001,59079,won,196142,PATNA,GENERAL,2857201.0,>50K,0,0,0,0,0,1,3
182,Bankipur,NITIN NABIN,Bharatiya Janata Party,98299,51936,won,156885,PATNA,GENERAL,2857201.0,>50K,0,0,0,0,0,1,2
183,Kumhrar,SANJAY KUMAR,Bharatiya Janata Party,100485,47524,won,173506,PATNA,GENERAL,2857201.0,25-50K,0,0,0,0,1,0,2
184,Patna Sahib,RATNESH KUMAR,Bharatiya Janata Party,130366,38900,won,235152,PATNA,GENERAL,2857201.0,25-50K,0,0,0,0,1,0,2
185,Fatuha,DR. RAMANAND YADAV,Rashtriya Janata Dal,90558,7992,won,198180,PATNA,GENERAL,2857201.0,2-10K,0,0,1,0,0,0,2
186,Danapur,RAM KRIPAL YADAV,Bharatiya Janata Party,119877,29133,won,220307,PATNA,GENERAL,2857201.0,25-50K,0,0,0,0,1,0,2
187,Maner,BHAI BIRENDRA,Rashtriya Janata Dal,110798,20034,won,226143,PATNA,GENERAL,2857201.0,10-25K,0,0,0,1,0,0,2
188,Phulwari,SHYAM RAJAK,Janata Dal (United),126470,32657,won,257134,PATNA,SC,2857201.0,25-50K,0,0,0,0,1,0,2
189,Masaurhi,ARUN MANJHI,Janata Dal (United),106505,7643,won,225819,PATNA,SC,2857201.0,2-10K,0,0,1,0,0,0,2
190,Paliganj,SANDEEP SAURAV,Communist Party of India (Marxist-Leninist) (Liberation),81105,6655,won,182320,PATNA,GENERAL,2857201.0,2-10K,0,0,1,0,0,0,2
191,Bikram,SIDDHARTH SAURAV,Bharatiya Janata Party,101189,5601,won,215202,PATNA,GENERAL,2857201.0,2-10K,0,0,1,0,0,0,2
192,Sandesh,RADHA CHARAN SAH,Janata Dal (United),80598,27,won,183230,BHOJPUR,GENERAL,1265684.0,<500,1,0,0,0,0,0,2
193,Barhara,RAGHVENDRA PRATAP SINGH,Bharatiya Janata Party,79593,14403,won,182096,BHOJPUR,GENERAL,1265684.0,10-25K,0,0,0,1,0,0,2
194,Arrah,SANJAY SINGH (TIGER),Bharatiya Janata Party,94201,19581,won,184778,BHOJPUR,GENERAL,1265684.0,10-25K,0,0,0,1,0,0,2
195,Agiaon,MAHESH PASWAN,Bharatiya Janata Party,69412,95,won,153554,BHOJPUR,SC,1265684.0,<500,1,0,0,0,0,0,2
196,Tarari,VISHAL PRASHANT,Bharatiya Janata Party,96887,11464,won,195382,BHOJPUR,GENERAL,1265684.0,10-25K,0,0,0,1,0,0,2
197,Jagdishpur,SRIBHAGWAN SINGH KUSHWAHA,Janata Dal (United),92974,18193,won,188244,BHOJPUR,GENERAL,1265684.0,10-25K,0,0,0,1,0,0,2
198,Shahpur,RAKESH RANJAN,Bharatiya Janata Party,88655,15225,won,178400,BHOJPUR,GENERAL,1265684.0,10-25K,0,0,0,1,0,0,2
199,Brahampur,SHAMBHU NATH YADAV,Rashtriya Janata Dal,95828,3220,won,206393,BUXAR,GENERAL,803043.0,2-10K,0,0,1,0,0,0,2
200,Buxar,ANAND MISHRA,Bharatiya Janata Party,84901,28353,won,188618,BUXAR,GENERAL,803043.0,25-50K,0,0,0,0,1,0,3
201,Dumraon,RAHUL KUMAR SINGH,Janata Dal (United),79411,2105,won,196707,BUXAR,GENERAL,803043.0,2-10K,0,0,1,0,0,0,2
202,Rajpur,SANTOSH KUMAR NIRALA,Janata Dal (United),80701,9136,won,211325,BUXAR,SC,803043.0,2-10K,0,0,1,0,0,0,2
203,Ramgarh,SATISH KUMAR SINGH YADAV,Bahujan Samaj Party,72689,30,won,194844,KAIMUR  (BHABHUA),GENERAL,807697.0,<500,1,0,0,0,0,0,3
204,Mohania,SANGITA KUMARI,Bharatiya Janata Party,76290,18752,won,190815,KAIMUR  (BHABHUA),SC,807697.0,10-25K,0,0,0,1,0,0,3
205,Bhabua,BHARAT BIND,Bharatiya Janata Party,80039,24415,won,192958,KAIMUR  (BHABHUA),GENERAL,807697.0,10-25K,0,0,0,1,0,0,3
206,Chainpur,MD. ZAMA KHAN,Janata Dal (United),70876,8362,won,229080,KAIMUR  (BHABHUA),GENERAL,807697.0,2-10K,0,0,1,0,0,0,3
207,Chenari,MURARI PRASAD GAUTAM,Lok Janshakti Party (Ram Vilas),95579,21988,won,205793,ROHTAS,SC,1405134.0,10-25K,0,0,0,1,0,0,2
208,Sasaram,SNEHLATA,Rashtriya Lok Morcha,105006,25443,won,221091,ROHTAS,GENERAL,1405134.0,25-50K,0,0,0,0,1,0,2
209,Kargahar,BASHISTH SINGH,Janata Dal (United),92485,35676,won,219564,ROHTAS,GENERAL,1405134.0,25-50K,0,0,0,0,1,0,3
210,Dinara,ALOK KUMAR SINGH,Rashtriya Lok Morcha,78338,10834,won,187064,ROHTAS,GENERAL,1405134.0,10-25K,0,0,0,1,0,0,2
211,Nokha,NAGENDRA CHANDRAVANSHI,Janata Dal (United),93193,24054,won,182315,ROHTAS,GENERAL,1405134.0,10-25K,0,0,0,1,0,0,2
212,Dehri,RAJEEV RANJAN SINGH,Lok Janshakti Party (Ram Vilas),104022,35968,won,191592,ROHTAS,GENERAL,1405134.0,25-50K,0,0,0,0,1,0,2
213,Karakat,ARUN SINGH (VILL-AJNAP TOLA),Communist Party of India (Marxist-Leninist) (Liberation),74157,2836,won,197715,ROHTAS,GENERAL,1405134.0,2-10K,0,0,1,0,0,0,3
214,Arwal,MANOJ KUMAR,Bharatiya Janata Party,79854,14093,won,171135,ARWAL,GENERAL,337002.0,10-25K,0,0,0,1,0,0,2
215,Kurtha,PAPPU KUMAR VERMA,Janata Dal (United),74466,5481,won,165867,ARWAL,GENERAL,337002.0,2-10K,0,0,1,0,0,0,2
216,Jehanabad,RAHUL KUMAR,Rashtriya Janata Dal,86402,793,won,193541,JAHANABAD,GENERAL,531532.0,0.5-2K,0,1,0,0,0,0,2
217,Ghosi,RITURAJ KUMAR,Janata Dal (United),80740,11929,won,171592,JAHANABAD,GENERAL,531532.0,10-25K,0,0,0,1,0,0,2
218,Makhdumpur,SUBEDAR DAS,Rashtriya Janata Dal,74769,1830,won,166399,JAHANABAD,SC,531532.0,0.5-2K,0,1,0,0,0,0,2
219,Goh,AMRENDRA KUMAR,Rashtriya Janata Dal,93624,4041,won,211669,AURANGABAD,GENERAL,1205034.0,2-10K,0,0,1,0,0,0,2
220,Obra,PRAKASH CHANDRA,Lok Janshakti Party (Ram Vilas),91638,12013,won,204422,AURANGABAD,GENERAL,1205034.0,10-25K,0,0,0,1,0,0,2
221,Nabinagar,CHETAN ANAND,Janata Dal (United),80380,112,won,190066,AURANGABAD,GENERAL,1205034.0,<500,1,0,0,0,0,0,2
222,Kutumba,LALAN RAM,Hindustani Awam Morcha (Secular),84727,21525,won,173644,AURANGABAD,SC,1205034.0,10-25K,0,0,0,1,0,0,2
223,Aurangabad,TRIVIKRAM NARAYAN SINGH,Bharatiya Janata Party,87200,6794,won,200994,AURANGABAD,GENERAL,1205034.0,2-10K,0,0,1,0,0,0,2
224,Rafiganj,PRAMOD KUMAR SINGH,Janata Dal (United),107515,11956,won,224239,AURANGABAD,GENERAL,1205034.0,10-25K,0,0,0,1,0,0,2
225,Gurua,UPENDRA PRASAD,Bharatiya Janata Party,99758,24194,won,203508,GAYA,GENERAL,2064596.0,10-25K,0,0,0,1,0,0,2
226,Sherghati,UDAY KUMAR SINGH,Lok Janshakti Party (Ram Vilas),77270,13524,won,202640,GAYA,GENERAL,2064596.0,10-25K,0,0,0,1,0,0,2
227,Imamganj,DEEPA KUMARI,Hindustani Awam Morcha (Secular),104861,25856,won,206281,GAYA,SC,2064596.0,25-50K,0,0,0,0,1,0,2
228,Barachatti,JYOTI DEVI,Hindustani Awam Morcha (Secular),108271,8893,won,228235,GAYA,SC,2064596.0,2-10K,0,0,1,0,0,0,2
229,Bodh Gaya,KUMAR SARVJEET,Rashtriya Janata Dal,100236,881,won,231073,GAYA,SC,2064596.0,0.5-2K,0,1,0,0,0,0,2
230,Gaya Town,PREM KUMAR,Bharatiya Janata Party,90878,26423,won,166958,GAYA,GENERAL,2064596.0,25-50K,0,0,0,0,1,0,2
231,Tikari,AJAY KUMAR,Rashtriya Janata Dal,97550,2058,won,213025,GAYA,GENERAL,2064596.0,2-10K,0,0,1,0,0,0,2
232,Belaganj,MANORMA DEVI,Janata Dal (United),95685,2882,won,205019,GAYA,GENERAL,2064596.0,2-10K,0,0,1,0,0,0,2
233,Atri,ROMIT KUMAR,Hindustani Awam Morcha (Secular),102102,25777,won,197645,GAYA,GENERAL,2064596.0,25-50K,0,0,0,0,1,0,2
234,Wazirganj,BIRENDRA SINGH,Bharatiya Janata Party,94574,12733,won,210212,GAYA,GENERAL,2064596.0,10-25K,0,0,0,1,0,0,2
235,Rajauli,VIMAL RAJBANSHI,Lok Janshakti Party (Ram Vilas),90272,3953,won,200701,NAWADA,SC,999854.0,2-10K,0,0,1,0,0,0,2
236,Hisua,ANIL SINGH,Bharatiya Janata Party,95885,27849,won,215945,NAWADA,GENERAL,999854.0,25-50K,0,0,0,0,1,0,3
237,Nawada,VIBHA DEVI,Janata Dal (United),87423,27594,won,201494,NAWADA,GENERAL,999854.0,25-50K,0,0,0,0,1,0,2
238,Gobindpur,BINITA MEHTA,Lok Janshakti Party (Ram Vilas),72581,22906,won,180900,NAWADA,GENERAL,999854.0,10-25K,0,0,0,1,0,0,3
239,Warsaliganj,ANITA,Rashtriya Janata Dal,97833,7543,won,200814,NAWADA,GENERAL,999854.0,2-10K,0,0,1,0,0,0,2
240,Sikandra,PRAPHULL KUMAR MANJHI,Hindustani Awam Morcha (Secular),91603,23907,won,194223,JAMUI,SC,888199.0,10-25K,0,0,0,1,0,0,2
241,Jamui,SHREYASI SINGH,Bharatiya Janata Party,123868,54498,won,217247,JAMUI,GENERAL,888199.0,>50K,0,0,0,0,0,1,2
242,Jhajha,DAMODAR RAWAT,Janata Dal (United),108317,4262,won,243866,JAMUI,GENERAL,888199.0,2-10K,0,0,1,0,0,0,2
243,Chakai,SAVITRI DEVI,Rashtriya Janata Dal,80357,12972,won,232863,JAMUI,GENERAL,888199.0,10-25K,0,0,0,1,0,0,3
